﻿Reporter_code,Reporter_description
AF,Afghanistan
afr,Africa
FNX,Africa less ZA-Oil Exporters and Manufacturers
ACP,African-Caribbean and Pacific States (ACP)
AL,Albania
DZ,Algeria
AS,American Samoa
G23,Andean Community (ANDEAN)
AO,Angola
AG,Antigua and Barbuda
AR,Argentina
AM,Armenia
AW,Aruba-the Netherlands with respect to
ASI,Asia
GA2,Asia excluding Hong Kong re-exports
ASR,Asia Standard Reporters
ASS,Asia Standard Reporters- excluding HK RX
G75,Asia-Pacific Economic Cooperation (APEC)
G76,Asia-Pacific-APEC-excluding Hong Kong re-exports
G71,Association of Southeast Asian Nations (ASEAN)
AU,Australia
G77,Australia - New Zealand Closer Economic Relations Trade Agreement
ANZ,Australia and New Zealand
AT,Austria
AZ,Azerbaijan
BS,Bahamas
BH,Bahrain
BD,Bangladesh
BB,Barbados
BY,Belarus
BE,Belgium
BL,Belgium-Luxembourg
BZ,Belize
BJ,Benin
BM,Bermuda
BT,Bhutan
BO,Bolivia
BA,Bosnia and Herzegovina
BW,Botswana
BR,Brazil
BN,Brunei Darussalam
BG,Bulgaria
BF,Burkina Faso
BI,Burundi
CV,Cabo Verde
G81,Cairns Group
KH,Cambodia
CM,Cameroon
CA,Canada
CAR,Caribbean Community (CARICOM)
KY,Cayman Islands
CEM,Central African Economic and Monetary Community (CAEMC)
CF,Central African Republic
CAC,Central American Common Market (CACM)
TD,Chad
CL,Chile
CN,China
TW,Chinese Taipei
CO,Colombia
COM,Common Market for Eastern and Southern Africa (COMESA)
CIS,Commonwealth of Independent States (CIS)- including associate and former member States
KM,Comoros
TPP,Comprehensive and Progressive Agreement for Trans-Pacific Partnership (CPTPP)
CG,Congo
CK,Cook Islands
CR,Costa Rica
CI,d'Ivoire
HR,Croatia
CU,Cuba
CW,Cura
CY,Cyprus
CS,Czech and Slovak Federal Republic
CZ,Czech Republic
CD,Democratic Republic of the Congo
DK,Denmark
DVC,Developed Economies (For Indices)
DVL,Developing and Emerging Economies - Excluding LDCs
DVH,Developing and Emerging Economies-excluding HK RX
DVK,Developing and Emerging- Excluding LDCs and HK RX
DGC,Developing Asia excluding China
DG3,Developing Asia excluding China and HK RX
DC4,Developing Asia excluding China and NICs4
DA4,Developing Asia excluding NICs4
DG2,Developing countries excl. China and Hong Kong RX
DG1,Developing countries excluding China
DVF,Developing Economies- excluding HK reexports
DJ,Djibouti
DM,Dominica
DO,Dominican Republic
ECC,Economic Community of Central African States (ECCAS)
ECO,Economic Community of West African States (ECOWAS)
EC,Ecuador
EG,Egypt
SV,El Salvador
GQ,Equatorial Guinea
ER,Eritrea
EE,Estonia
SZ,Eswatini
ET,Ethiopia
ET1,Ethiopia (+ Eritrea)
Z17,Euro Area (17)
Z18,Euro Area (18)
Z19,Euro Area (19)
EUR,Europe
EAD,Europe (E27 calculation)
EUG,Europe (Indices only)
EF3,European Free Trade Association (EFTA)
G31,European Union (12)
E27,European Union (27)
EUK,European Union (27) Excluding UK
E28,European Union (28)
FO,Faeroe Islands
FJ,Fiji
FI,Finland
NI4,Four East Asian traders
GNI,Four East Asian traders- excluding HK RX
FR,France
GF,French Guiana
PF,French Polynesia
FQ,French Southern Territories
G7,G7
GA,Gabon
W48,GATT members 1948
W49,GATT members 1949
W50,GATT members 1950
W51,GATT members 1951
W52,GATT members 1952
W53,GATT members 1953
W54,GATT members 1954
W55,GATT members 1955
W56,GATT members 1956
W57,GATT members 1957
W58,GATT members 1958
W59,GATT members 1959
W60,GATT members 1960
W61,GATT members 1961
W62,GATT members 1962
W63,GATT members 1963
W64,GATT members 1964
W65,GATT members 1965
W66,GATT members 1966
W67,GATT members 1967
W68,GATT members 1968
W69,GATT members 1969
W70,GATT members 1970
W71,GATT members 1971
W72,GATT members 1972
W73,GATT members 1973
W74,GATT members 1974
W75,GATT members 1975
W76,GATT members 1976
W77,GATT members 1977
W78,GATT members 1978
W79,GATT members 1979
W80,GATT members 1980
W81,GATT members 1981
W82,GATT members 1982
W83,GATT members 1983
W84,GATT members 1984
W85,GATT members 1985
W86,GATT members 1986
W87,GATT members 1987
W88,GATT members 1988
W89,GATT members 1989
W90,GATT members 1990
W91,GATT members 1991
W92,GATT members 1992
W93,GATT members 1993
W94,GATT members 1994
GE,Georgia
DD,German Democratic Republic
DE,Germany
GH,Ghana
GR,Greece
GL,Greenland
GD,Grenada
GP,Guadeloupe
GU,Guam
GT,Guatemala
GN,Guinea
GW,Guinea-Bissau
GCC,Gulf Cooperation Council (GCC)
GY,Guyana
HT,Haiti
HN,Honduras
HK,Hong Kong- China
HU,Hungary
IS,Iceland
IN,India
ID,Indonesia
IR,Iran
IQ,Iraq
IE,Ireland
IL,Israel
IT,Italy
JM,Jamaica
JP,Japan
JO,Jordan
KZ,Kazakhstan
KE,Kenya
KI,Kiribati
KP,Korea- Democratic People's Republic of
KR,Korea- Republic of
KW,Kuwait
KG,Kyrgyz Republic
LA,Lao People's Democratic Republic
LNX,Latin America less LA19 (indices)
G20,Latin American Integration Association (ALADI)
LV,Latvia
L14,LDC 2014
LDF,LDC Africa
LDA,LDC Asia
LDX,LDC diversified and others
LFX,LDC non-fuel mineral exporters
LD1,Least-developed countries
LB,Lebanese Republic
LS,Lesotho
LR,Liberia
LY,Libya
LT,Lithuania
LU,Luxembourg
MO,Macao- China
MG,Madagascar
MAG,Maghreb
MW,Malawi
MY,Malaysia
MV,Maldives
ML,Mali
MT,Malta
MH,Marshall Islands
MQ,Martinique
MR,Mauritania
MU,Mauritius
MD2,MDG developing economies- excluding HK RX
MX,Mexico
FM,Micronesia- Federated States of
MEA,Middle East
MNX,Middle East less IRN-ISR-KUW-SAU-UAE (indices)
MD,Moldova
MN,Mongolia
ME,Montenegro
MS,Montserrat
MA,Morocco
MZ,Mozambique
MM,Myanmar
NA,Namibia
NR,Nauru
NP,Nepal
NL,Netherlands
AN,Netherlands Antilles
AN1,Netherlands Antilles (incl. Aruba)
NC,New Caledonia
NZ,New Zealand
NI,Nicaragua
NE,Niger
NG,Nigeria
NU,Niue
OSE,Non-EU south-eastern Europe
OWE,Non-EU Western Europe
NAX,North America
G12,North American Free Trade Agreement (NAFTA)
MK,North Macedonia
MP,Northern Mariana Islands
NO,Norway
OCM,OECD member economies
ICE,OECD/Eurostat Central and eastern Europe
OM,Oman
OPE,Organization of Petroleum Exporting countries
OAF,Other Africa
OAS,Other Asia
CIO,Other CIS (CIS11)
ODA,Other Developing Africa
OEU,Other Europe
GOW,Other Western Europe (Discontinued)
PAC,Pacific Alliance
PK,Pakistan
PW,Palau
PA,Panama
PG,Papua New Guinea
PY,Paraguay
PE,Peru
PH,Philippines
PL,Poland
PT,Portugal
QA,Qatar
G82,QUAD
RE,Reunion
RO,Romania
RU,Russian Federation
RW,Rwanda
KN,Saint Kitts and Nevis
LC,Saint Lucia
SX,Saint Martin
PM,Saint Pierre and Miquelon
VC,Saint Vincent and the Grenadines
WS,Samoa
ST,Sao Tom and Principe
SA,Saudi Arabia
SN,Senegal
RS,Serbia
YU,Serbia and Montenegro
SC,Seychelles
SL,Sierra Leone
SG,Singapore
NIA,Six East Asian traders- excluding HK RX
SK,Slovak Republic
SI,Slovenia
SB,Solomon Islands
SO,Somalia
ZA,South Africa
CSC,South and Central America and the Caribbean
G72,South Asian Free Trade Agreement (SAFTA)
SAD,Southern African Development Community (SADC)
G27,Southern Common Market (MERCOSUR)
ES,Spain
LK,Sri Lanka
SD,Sudan
SR,Suriname
SE,Sweden
CH,Switzerland
SY,Syrian Arab Republic
TJ,Tajikistan
TZ,Tanzania
TH,Thailand
GM,The Gambia
TL,Timor-Leste
TG,Togo
TO,Tonga
TT,Trinidad and Tobago
TN,Tunisia
TR,Turkey
TM,Turkmenistan
TV,Tuvalu
SU,U.S.S.R.
UG,Uganda
UA,Ukraine
LAU,UNCTAD - African LDCs and Haiti
LAS,UNCTAD - Asian LDCs
LDI,UNCTAD - Island LDCs
AE,United Arab Emirates
GB,United Kingdom
US,United States of America
UY,Uruguay
UZ,Uzbekistan
VU,Vanuatu
VE,Venezuela
VN,Viet Nam
WAE,West African Economic and Monetary Union (WAEMU)
WNX,Western Europe less EU- EFTA Turkey - Former
WLG,World (only indices- excluding CH Gold)
WEG,World (only indices- excluding HK RX and CH Gold)
WHE,World Bank High Income Economies- excluding HK RX
WLM,World Bank Lower Middle Income Economies
WUM,World Bank Upper Middle Income Economies
WL2,World excluding Hong Kong re-exports
W95,WTO members 1995
W5R,WTO members 1995- excluding HK RX
W96,WTO members 1996
W6R,WTO members 1996- excluding HK RX
W97,WTO members 1997
W7R,WTO members 1997- excluding HK RX
W98,WTO members 1998
W8R,WTO members 1998- excluding HK RX
W99,WTO members 1999
W9X,WTO members 1999- excluding HK RX
W00,WTO members 2000
W0R,WTO members 2000- excluding HK RX
W01,WTO members 2001
W1R,WTO members 2001- excluding HK RX
W02,WTO members 2002
W2R,WTO members 2002- excluding HK RX
W03,WTO members 2003
W3R,WTO members 2003- excluding HK RX
W04,WTO members 2004
W4R,WTO members 2004- excluding HK RX
W05,WTO members 2005
WR5,WTO members 2005- excluding HK RX
W06,WTO Members 2006
WR6,WTO Members 2006- excluding HK RX
W07,WTO Members 2007
WR7,WTO Members 2007- excluding HK RX
W08,WTO Members 2008
WR8,WTO Members 2008- excluding HK RX
W09,WTO Members 2009
W9R,WTO Members 2009- excluding HK RX
WM0,WTO Members 2010
WR0,WTO Members 2010- excluding HK RX
WM1,WTO Members 2011
WR1,WTO Members 2011- excluding HK RX
W12,WTO Members 2012
WR2,WTO Members 2012- excluding HK RX
W13,WTO Members 2013
WR3,WTO Members 2013- excluding HK RX
W14,WTO Members 2014
WR4,WTO Members 2014- excluding HK RX
WT5,WTO Members 2015- excluding HK RX
WT6,WTO Members 2016- excluding HK RX
W18,WTO Members 2018
WT8,WTO Members 2018- excluding HK RX
A82,WTO Observer governments
YE,Yemen
YD,Yemen- People's Democratic Republic
YU1,Yugoslavia- Socialist Federal Republic of
ZM,Zambia
ZW,Zimbabwe
WL,World
LDC,Least-developed countries-current membership
GXN,Extra Andean Community Trade
GXM,Extra MERCOSUR Trade
GXB,Extra ASEAN Trade
gxc,Extra CEMAC Trade
GXP,Extra Pacific Alliance Trade
gxo,Extra COMESA Trade
gxe,Extra ECCAS Trade
GXA,Extra ECOWAS Trade
GXT,Extra EU Trade
GXF,Extra NAFTA Trade
GXS,Extra SADC Trade
GXW,Extra WAEMU Trade
